prrsv_type,start,end,consensus_seq,sequence,sequence_type,hydrophilicity,flexibility,conservation,epitope_score,VPI
Type I,28,42,SWSFVDGNDDSSTSQ,SWSFVDGNDDSSTSQ,amino_acid,0.9999999863630166,0.6666666555555557,0.9999999862068968,0.9999999729729736,0.933333318792266
Type I,26,40,AALVNASHSSSSHLQ,AALVNASHSSSSHLQ,amino_acid,0.8182189987969589,0.8888333185194447,0.9999999862068968,0.963783757735574,0.9286997829697896
Type I,25,39,AVLANASSNSSSHLQ,AVLANASSNSSSHLQ,amino_acid,0.8182189987969589,0.8888333185194447,0.9999999862068968,0.963783757735574,0.9286997829697896
Type I,27,41,LSWSFVDGNDDSSTS,LSWSFVDGNDDSSTS,amino_acid,0.9091776774965542,0.6666666555555557,0.9999999862068968,0.9367567314390072,0.9043034174222538
Type I,28,42,SWSFVDGNDSSSTYQ,SWSFVDGNDSSSTYQ,amino_acid,0.9091776774965542,0.6666666555555557,0.9999999862068968,0.9367567314390072,0.9043034174222538
Type I,28,42,SWSFVDGSDNSSTYQ,SWSFVDGSDNSSTYQ,amino_acid,0.9091776774965542,0.6666666555555557,0.9999999862068968,0.9367567314390072,0.9043034174222538
Type I,30,44,NASNSSSSNLQLIYN,NASNSSSSNLQLIYN,amino_acid,0.9091776774965542,0.6666666555555557,0.9999999862068968,0.9367567314390072,0.9043034174222538
Type I,30,44,NASHSSSSHLQLIYN,NASHSSSSHLQLIYN,amino_acid,0.9091776774965542,0.6666666555555557,0.9999999862068968,0.9367567314390072,0.9043034174222538
Type I,30,44,NASNSSSSHLQLIYN,NASNSSSSHLQLIYN,amino_acid,0.9091776774965542,0.6666666555555557,0.9999999862068968,0.9367567314390072,0.9043034174222538
Type I,29,43,NASSNSSSHLQLIYN,NASSNSSSHLQLIYN,amino_acid,0.9091776774965542,0.6666666555555557,0.9999999862068968,0.9367567314390072,0.9043034174222538
Type I,28,42,SWSFADGNGNSSTYQ,SWSFADGNGNSSTYQ,amino_acid,0.8182189987969589,0.7778333203694446,0.9999999862068968,0.9189188940832732,0.9020132969745596
Type I,28,42,SWSFADGNGNSSTYQ,SWSFADGNGNSSTYQ,amino_acid,0.8182189987969589,0.7778333203694446,0.9999999862068968,0.9189188940832732,0.9020132969745596
Type I,28,42,SWSFADGNGNSSTYQ,SWSFADGNGNSSTYQ,amino_acid,0.8182189987969589,0.7778333203694446,0.9999999862068968,0.9189188940832732,0.9020132969745596
Type I,25,39,TGLSWSFVDGNDSSS,TGLSWSFVDGNDSSS,amino_acid,0.8182189987969589,0.7778333203694446,0.9999999862068968,0.9189188940832732,0.9020132969745596
Type I,26,40,GLSWSFVDGNDSSST,GLSWSFVDGNDSSST,amino_acid,0.8182189987969589,0.7778333203694446,0.9999999862068968,0.9189188940832732,0.9020132969745596
Type II,30,44,NASNSSSSHLQLIYN,NASNSSSSHLQLIYN,amino_acid,0.9091776774965542,0.6666666555555557,0.9999999862068968,0.9367567314390072,0.9043034174222538
Type II,30,44,NASNSSSSHLQLIYN,NASNSSSSHLQLIYN,amino_acid,0.9091776774965542,0.6666666555555557,0.9999999862068968,0.9367567314390072,0.9043034174222538
Type II,30,44,NASNSSSSHLQLIYN,NASNSSSSHLQLIYN,amino_acid,0.9091776774965542,0.6666666555555557,0.9999999862068968,0.9367567314390072,0.9043034174222538
Type II,30,44,NASNSSSSHLQLIYN,NASNSSSSHLQLIYN,amino_acid,0.9091776774965542,0.6666666555555557,0.9999999862068968,0.9367567314390072,0.9043034174222538
Type II,26,40,VSPVSANQNSSSHLQ,VSPVSANQNSSSHLQ,amino_acid,0.9091776774965542,0.6666666555555557,0.9999999862068968,0.9367567314390072,0.9043034174222538
Type II,27,41,SPVSANQNSSSHLQL,SPVSANQNSSSHLQL,amino_acid,0.9091776774965542,0.6666666555555557,0.9999999862068968,0.9367567314390072,0.9043034174222538
Type II,26,40,VALVNASNSSSSHLQ,VALVNASNSSSSHLQ,amino_acid,0.8182189987969589,0.7778333203694446,0.9999999862068968,0.9189188940832732,0.9020132969745596
Type II,27,41,ALVNASNSSSSHLQL,ALVNASNSSSSHLQL,amino_acid,0.8182189987969589,0.7778333203694446,0.9999999862068968,0.9189188940832732,0.9020132969745596
Type II,26,40,VALVNASNSSSSHLQ,VALVNASNSSSSHLQ,amino_acid,0.8182189987969589,0.7778333203694446,0.9999999862068968,0.9189188940832732,0.9020132969745596
Type II,27,41,ALVNASNSSSSHLQL,ALVNASNSSSSHLQL,amino_acid,0.8182189987969589,0.7778333203694446,0.9999999862068968,0.9189188940832732,0.9020132969745596
Type II,26,40,VALVNASNSSSSHLQ,VALVNASNSSSSHLQ,amino_acid,0.8182189987969589,0.7778333203694446,0.9999999862068968,0.9189188940832732,0.9020132969745596
Type II,27,41,ALVNASNSSSSHLQL,ALVNASNSSSSHLQL,amino_acid,0.8182189987969589,0.7778333203694446,0.9999999862068968,0.9189188940832732,0.9020132969745596
Type II,26,40,VALVNASNSSSSHLQ,VALVNASNSSSSHLQ,amino_acid,0.8182189987969589,0.7778333203694446,0.9999999862068968,0.9189188940832732,0.9020132969745596
Type II,27,41,ALVNASNSSSSHLQL,ALVNASNSSSSHLQL,amino_acid,0.8182189987969589,0.7778333203694446,0.9999999862068968,0.9189188940832732,0.9020132969745596
Type II,26,40,AALVNASGNSSSHLQ,AALVNASGNSSSHLQ,amino_acid,0.7272603200973637,0.8888333185194447,0.9999999862068968,0.9008107864645732,0.8996628161677906
