position,diversity,prrsv_type
1,0.275,Type I
2,0.275,Type I
3,0.275,Type I
4,0.275,Type I
5,0.275,Type I
6,0.275,Type I
7,0.275,Type I
8,0.275,Type I
9,0.275,Type I
10,0.275,Type I
11,0.275,Type I
12,0.275,Type I
13,0.275,Type I
14,0.275,Type I
15,0.275,Type I
16,0.0,Type I
17,0.275,Type I
18,0.25,Type I
19,0.0,Type I
20,0.025000000000000022,Type I
21,0.0,Type I
22,0.0,Type I
23,0.22499999999999998,Type I
24,0.0,Type I
25,0.275,Type I
26,0.15000000000000002,Type I
27,0.42500000000000004,Type I
28,0.0,Type I
29,0.275,Type I
30,0.0,Type I
31,0.0,Type I
32,0.025000000000000022,Type I
33,0.0,Type I
34,0.025000000000000022,Type I
35,0.07499999999999996,Type I
36,0.4,Type I
37,0.275,Type I
38,0.025000000000000022,Type I
39,0.07499999999999996,Type I
40,0.4,Type I
41,0.275,Type I
42,0.44999999999999996,Type I
43,0.07499999999999996,Type I
44,0.6,Type I
45,0.17500000000000004,Type I
46,0.050000000000000044,Type I
47,0.050000000000000044,Type I
48,0.050000000000000044,Type I
49,0.050000000000000044,Type I
50,0.30000000000000004,Type I
51,0.375,Type I
52,0.35,Type I
53,0.5,Type I
54,0.275,Type I
55,0.0,Type I
56,0.32499999999999996,Type I
57,0.0,Type I
58,0.07499999999999996,Type I
59,0.35,Type I
60,0.0,Type I
61,0.0,Type I
62,0.07499999999999996,Type I
63,0.0,Type I
64,0.0,Type I
65,0.0,Type I
66,0.07499999999999996,Type I
67,0.22499999999999998,Type I
68,0.275,Type I
69,0.050000000000000044,Type I
70,0.0,Type I
71,0.025000000000000022,Type I
72,0.0,Type I
73,0.025000000000000022,Type I
74,0.25,Type I
75,0.025000000000000022,Type I
76,0.0,Type I
77,0.275,Type I
78,0.30000000000000004,Type I
79,0.275,Type I
80,0.275,Type I
81,0.35,Type I
82,0.0,Type I
83,0.4,Type I
84,0.275,Type I
85,0.0,Type I
86,0.15000000000000002,Type I
87,0.275,Type I
88,0.025000000000000022,Type I
89,0.09999999999999998,Type I
90,0.32499999999999996,Type I
91,0.32499999999999996,Type I
92,0.30000000000000004,Type I
93,0.44999999999999996,Type I
94,0.0,Type I
95,0.0,Type I
96,0.375,Type I
97,0.275,Type I
98,0.275,Type I
99,0.275,Type I
100,0.275,Type I
101,0.30000000000000004,Type I
102,0.375,Type I
103,0.275,Type I
104,0.275,Type I
105,0.32499999999999996,Type I
106,0.0,Type I
107,0.0,Type I
108,0.275,Type I
109,0.275,Type I
110,0.30000000000000004,Type I
111,0.4,Type I
112,0.050000000000000044,Type I
113,0.07499999999999996,Type I
114,0.275,Type I
115,0.025000000000000022,Type I
116,0.35,Type I
117,0.4,Type I
118,0.0,Type I
119,0.050000000000000044,Type I
120,0.42500000000000004,Type I
121,0.0,Type I
122,0.0,Type I
123,0.0,Type I
124,0.0,Type I
125,0.0,Type I
126,0.0,Type I
127,0.44999999999999996,Type I
128,0.375,Type I
129,0.275,Type I
130,0.4,Type I
131,0.35,Type I
132,0.275,Type I
133,0.4,Type I
134,0.0,Type I
135,0.0,Type I
136,0.275,Type I
137,0.07499999999999996,Type I
138,0.275,Type I
139,0.275,Type I
140,0.0,Type I
141,0.0,Type I
142,0.275,Type I
143,0.0,Type I
144,0.0,Type I
145,0.125,Type I
146,0.0,Type I
147,0.0,Type I
148,0.09999999999999998,Type I
149,0.42500000000000004,Type I
150,0.0,Type I
151,0.125,Type I
152,0.0,Type I
153,0.0,Type I
154,0.0,Type I
155,0.19999999999999996,Type I
156,0.0,Type I
157,0.0,Type I
158,0.0,Type I
159,0.0,Type I
160,0.275,Type I
161,0.0,Type I
162,0.0,Type I
163,0.0,Type I
164,0.0,Type I
165,0.0,Type I
166,0.050000000000000044,Type I
167,0.0,Type I
168,0.0,Type I
169,0.09999999999999998,Type I
170,0.0,Type I
171,0.0,Type I
172,0.30000000000000004,Type I
173,0.0,Type I
174,0.0,Type I
175,0.32499999999999996,Type I
176,0.125,Type I
177,0.025000000000000022,Type I
178,0.30000000000000004,Type I
179,0.0,Type I
180,0.025000000000000022,Type I
181,0.0,Type I
182,0.17500000000000004,Type I
183,0.0,Type I
184,0.22499999999999998,Type I
185,0.55,Type I
186,0.5,Type I
187,0.575,Type I
188,0.475,Type I
189,0.22499999999999998,Type I
190,0.5,Type I
191,0.25,Type I
192,0.15000000000000002,Type I
193,0.4,Type I
194,0.0,Type I
195,0.0,Type I
196,0.0,Type I
197,0.17500000000000004,Type I
198,0.17500000000000004,Type I
199,0.42500000000000004,Type I
200,0.0,Type I
201,0.0,Type I
202,0.025000000000000022,Type I
203,0.0,Type I
204,0.0,Type I
205,0.09999999999999998,Type I
206,0.0,Type I
207,0.0,Type I
208,0.30000000000000004,Type I
209,0.0,Type I
210,0.0,Type I
211,0.050000000000000044,Type I
212,0.0,Type I
213,0.09999999999999998,Type I
214,0.25,Type I
215,0.0,Type I
216,0.025000000000000022,Type I
217,0.42500000000000004,Type I
218,0.0,Type I
219,0.0,Type I
220,0.525,Type I
221,0.30000000000000004,Type I
222,0.0,Type I
223,0.375,Type I
224,0.0,Type I
225,0.275,Type I
226,0.42500000000000004,Type I
227,0.0,Type I
228,0.0,Type I
229,0.475,Type I
230,0.0,Type I
231,0.125,Type I
232,0.4,Type I
233,0.30000000000000004,Type I
234,0.22499999999999998,Type I
235,0.30000000000000004,Type I
236,0.0,Type I
237,0.0,Type I
238,0.0,Type I
239,0.0,Type I
240,0.0,Type I
241,0.4,Type I
242,0.0,Type I
243,0.0,Type I
244,0.25,Type I
245,0.275,Type I
246,0.0,Type I
247,0.275,Type I
248,0.0,Type I
249,0.0,Type I
250,0.6,Type I
251,0.30000000000000004,Type I
252,0.275,Type I
253,0.575,Type I
254,0.050000000000000044,Type I
255,0.050000000000000044,Type I
256,0.525,Type I
257,0.275,Type I
258,0.275,Type I
259,0.42500000000000004,Type I
260,0.0,Type I
261,0.0,Type I
262,0.44999999999999996,Type I
263,0.0,Type I
264,0.0,Type I
265,0.375,Type I
266,0.0,Type I
267,0.0,Type I
268,0.575,Type I
269,0.0,Type I
270,0.0,Type I
271,0.0,Type I
272,0.0,Type I
273,0.0,Type I
274,0.0,Type I
275,0.050000000000000044,Type I
276,0.0,Type I
277,0.42500000000000004,Type I
278,0.15000000000000002,Type I
279,0.0,Type I
280,0.0,Type I
281,0.0,Type I
282,0.0,Type I
283,0.17500000000000004,Type I
284,0.30000000000000004,Type I
285,0.0,Type I
286,0.375,Type I
287,0.35,Type I
288,0.025000000000000022,Type I
289,0.19999999999999996,Type I
290,0.0,Type I
291,0.07499999999999996,Type I
292,0.475,Type I
293,0.125,Type I
294,0.0,Type I
295,0.4,Type I
296,0.475,Type I
297,0.475,Type I
298,0.125,Type I
299,0.30000000000000004,Type I
300,0.050000000000000044,Type I
301,0.25,Type I
302,0.0,Type I
303,0.0,Type I
304,0.09999999999999998,Type I
305,0.025000000000000022,Type I
306,0.0,Type I
307,0.275,Type I
308,0.30000000000000004,Type I
309,0.09999999999999998,Type I
310,0.19999999999999996,Type I
311,0.15000000000000002,Type I
312,0.025000000000000022,Type I
313,0.375,Type I
314,0.0,Type I
315,0.0,Type I
316,0.375,Type I
317,0.025000000000000022,Type I
318,0.35,Type I
319,0.050000000000000044,Type I
320,0.35,Type I
321,0.5,Type I
322,0.125,Type I
323,0.275,Type I
324,0.22499999999999998,Type I
325,0.07499999999999996,Type I
326,0.15000000000000002,Type I
327,0.275,Type I
328,0.125,Type I
329,0.0,Type I
330,0.0,Type I
331,0.15000000000000002,Type I
332,0.050000000000000044,Type I
333,0.025000000000000022,Type I
334,0.125,Type I
335,0.025000000000000022,Type I
336,0.0,Type I
337,0.42500000000000004,Type I
338,0.35,Type I
339,0.0,Type I
340,0.375,Type I
341,0.07499999999999996,Type I
342,0.0,Type I
343,0.4,Type I
344,0.0,Type I
345,0.050000000000000044,Type I
346,0.025000000000000022,Type I
347,0.22499999999999998,Type I
348,0.0,Type I
349,0.55,Type I
350,0.0,Type I
351,0.0,Type I
352,0.25,Type I
353,0.025000000000000022,Type I
354,0.275,Type I
355,0.575,Type I
356,0.025000000000000022,Type I
357,0.275,Type I
358,0.30000000000000004,Type I
359,0.0,Type I
360,0.0,Type I
361,0.22499999999999998,Type I
362,0.0,Type I
363,0.0,Type I
364,0.42500000000000004,Type I
365,0.25,Type I
366,0.0,Type I
367,0.375,Type I
368,0.0,Type I
369,0.025000000000000022,Type I
370,0.32499999999999996,Type I
371,0.0,Type I
372,0.0,Type I
373,0.15000000000000002,Type I
374,0.30000000000000004,Type I
375,0.0,Type I
376,0.475,Type I
377,0.4,Type I
378,0.275,Type I
379,0.30000000000000004,Type I
380,0.0,Type I
381,0.0,Type I
382,0.22499999999999998,Type I
383,0.0,Type I
384,0.0,Type I
385,0.4,Type I
386,0.0,Type I
387,0.5,Type I
388,0.07499999999999996,Type I
389,0.025000000000000022,Type I
390,0.0,Type I
391,0.275,Type I
392,0.275,Type I
393,0.025000000000000022,Type I
394,0.30000000000000004,Type I
395,0.5,Type I
396,0.17500000000000004,Type I
397,0.55,Type I
398,0.09999999999999998,Type I
399,0.025000000000000022,Type I
400,0.55,Type I
401,0.0,Type I
402,0.025000000000000022,Type I
403,0.22499999999999998,Type I
404,0.0,Type I
405,0.0,Type I
406,0.19999999999999996,Type I
407,0.0,Type I
408,0.0,Type I
409,0.09999999999999998,Type I
410,0.0,Type I
411,0.0,Type I
412,0.0,Type I
413,0.275,Type I
414,0.0,Type I
415,0.275,Type I
416,0.0,Type I
417,0.0,Type I
418,0.275,Type I
419,0.0,Type I
420,0.0,Type I
421,0.17500000000000004,Type I
422,0.0,Type I
423,0.0,Type I
424,0.22499999999999998,Type I
425,0.35,Type I
426,0.0,Type I
427,0.475,Type I
428,0.275,Type I
429,0.025000000000000022,Type I
430,0.30000000000000004,Type I
431,0.0,Type I
432,0.0,Type I
433,0.07499999999999996,Type I
434,0.275,Type I
435,0.025000000000000022,Type I
436,0.275,Type I
437,0.050000000000000044,Type I
438,0.275,Type I
439,0.22499999999999998,Type I
440,0.0,Type I
441,0.0,Type I
442,0.15000000000000002,Type I
443,0.0,Type I
444,0.07499999999999996,Type I
445,0.4,Type I
446,0.0,Type I
447,0.0,Type I
448,0.44999999999999996,Type I
449,0.275,Type I
450,0.0,Type I
451,0.025000000000000022,Type I
452,0.32499999999999996,Type I
453,0.0,Type I
454,0.17500000000000004,Type I
455,0.0,Type I
456,0.0,Type I
457,0.17500000000000004,Type I
458,0.22499999999999998,Type I
459,0.275,Type I
460,0.42500000000000004,Type I
461,0.275,Type I
462,0.275,Type I
463,0.0,Type I
464,0.0,Type I
465,0.0,Type I
466,0.275,Type I
467,0.050000000000000044,Type I
468,0.4,Type I
469,0.050000000000000044,Type I
470,0.275,Type I
471,0.0,Type I
472,0.09999999999999998,Type I
473,0.275,Type I
474,0.0,Type I
475,0.4,Type I
476,0.025000000000000022,Type I
477,0.025000000000000022,Type I
478,0.6,Type I
479,0.0,Type I
480,0.0,Type I
481,0.0,Type I
482,0.30000000000000004,Type I
483,0.275,Type I
484,0.0,Type I
485,0.025000000000000022,Type I
486,0.0,Type I
487,0.6,Type I
488,0.050000000000000044,Type I
489,0.0,Type I
490,0.44999999999999996,Type I
491,0.32499999999999996,Type I
492,0.0,Type I
493,0.375,Type I
494,0.30000000000000004,Type I
495,0.0,Type I
496,0.5,Type I
497,0.44999999999999996,Type I
498,0.0,Type I
499,0.30000000000000004,Type I
500,0.0,Type I
501,0.0,Type I
502,0.22499999999999998,Type I
503,0.0,Type I
504,0.0,Type I
505,0.32499999999999996,Type I
506,0.35,Type I
507,0.30000000000000004,Type I
508,0.125,Type I
509,0.0,Type I
510,0.0,Type I
511,0.475,Type I
512,0.0,Type I
513,0.025000000000000022,Type I
514,0.30000000000000004,Type I
515,0.025000000000000022,Type I
516,0.30000000000000004,Type I
517,0.09999999999999998,Type I
518,0.0,Type I
519,0.0,Type I
520,0.6,Type I
521,0.0,Type I
522,0.050000000000000044,Type I
523,0.42500000000000004,Type I
524,0.0,Type I
525,0.42500000000000004,Type I
526,0.65,Type I
527,0.025000000000000022,Type I
528,0.025000000000000022,Type I
529,0.275,Type I
530,0.275,Type I
531,0.0,Type I
532,0.4,Type I
533,0.4,Type I
534,0.0,Type I
535,0.575,Type I
536,0.275,Type I
537,0.0,Type I
538,0.07499999999999996,Type I
539,0.30000000000000004,Type I
540,0.25,Type I
541,0.0,Type I
542,0.275,Type I
543,0.0,Type I
544,0.07499999999999996,Type I
545,0.0,Type I
546,0.0,Type I
547,0.42500000000000004,Type I
548,0.275,Type I
549,0.32499999999999996,Type I
550,0.275,Type I
551,0.025000000000000022,Type I
552,0.0,Type I
553,0.25,Type I
554,0.0,Type I
555,0.0,Type I
556,0.30000000000000004,Type I
557,0.0,Type I
558,0.0,Type I
559,0.19999999999999996,Type I
560,0.0,Type I
561,0.0,Type I
562,0.4,Type I
563,0.0,Type I
564,0.0,Type I
565,0.275,Type I
566,0.275,Type I
567,0.275,Type I
568,0.25,Type I
569,0.30000000000000004,Type I
570,0.35,Type I
571,0.275,Type I
572,0.0,Type I
573,0.0,Type I
574,0.4,Type I
575,0.275,Type I
576,0.275,Type I
577,0.275,Type I
578,0.0,Type I
579,0.0,Type I
580,0.32499999999999996,Type I
581,0.575,Type I
582,0.0,Type I
583,0.25,Type I
584,0.0,Type I
585,0.0,Type I
586,0.275,Type I
587,0.0,Type I
588,0.475,Type I
589,0.375,Type I
590,0.22499999999999998,Type I
591,0.275,Type I
592,0.0,Type I
593,0.025000000000000022,Type I
594,0.025000000000000022,Type I
595,0.30000000000000004,Type I
596,0.0,Type I
597,0.0,Type I
598,0.30000000000000004,Type I
599,0.0,Type I
600,0.0,Type I
601,0.30000000000000004,Type I
602,0.0,Type I
603,0.09999999999999998,Type I
604,0.0,Type I
605,0.0,Type I
606,0.0,Type I
607,0.0,Type I
608,0.0,Type I
609,0.275,Type I
610,0.275,Type I
611,0.275,Type I
612,0.30000000000000004,Type I
613,0.275,Type I
614,0.275,Type I
615,0.09999999999999998,Type I
616,0.575,Type I
617,0.0,Type I
618,0.0,Type I
619,0.025000000000000022,Type I
